{"cameraMode":{"drawMode":0,"name":"Shaded","section":"Shading Mode"},"sceneLighting":false,"audioPlay":false,"sceneViewState":{"m_AlwaysRefresh":false,"showFog":true,"showSkybox":false,"showFlares":true,"showImageEffects":true,"showParticleSystems":true,"showVisualEffectGraphs":true,"m_FxEnabled":true},"in2DMode":false,"pivot":{"x":0.0005667209625244141,"y":1.4583048820495606,"z":0.437654972076416},"rotation":{"x":0.01636829786002636,"y":0.9520350098609924,"z":-0.3010937571525574,"w":0.051746297627687457},"size":5.744146823883057,"orthographic":false}