{"cameraMode":{"drawMode":0,"name":"Shaded","section":"Shading Mode"},"sceneLighting":true,"audioPlay":false,"sceneViewState":{"m_AlwaysRefresh":false,"showFog":true,"showSkybox":true,"showFlares":true,"showImageEffects":true,"showParticleSystems":true,"showVisualEffectGraphs":true,"m_FxEnabled":true},"in2DMode":false,"pivot":{"x":7.616092681884766,"y":8.290751457214356,"z":-0.0604209303855896},"rotation":{"x":0.42228543758392336,"y":-0.21793384850025178,"z":0.10536698251962662,"w":0.873508095741272},"size":0.8660253882408142,"orthographic":false}