{"cameraMode":{"drawMode":0,"name":"Shaded","section":"Shading Mode"},"sceneLighting":true,"audioPlay":false,"sceneViewState":{"m_AlwaysRefresh":false,"showFog":true,"showSkybox":true,"showFlares":true,"showImageEffects":true,"showParticleSystems":true,"showVisualEffectGraphs":true,"m_FxEnabled":true},"in2DMode":false,"pivot":{"x":0.24216097593307496,"y":0.6623363494873047,"z":-1.0793051719665528},"rotation":{"x":0.00623553479090333,"y":0.9865583181381226,"z":-0.15851126611232758,"w":0.03879217803478241},"size":1.0987462997436524,"orthographic":false}